<?xml version="1.0" encoding="UTF-8"?>
<project-private xmlns="http://www.netbeans.org/ns/project-private/1">
    <editor-bookmarks xmlns="http://www.netbeans.org/ns/editor-bookmarks/2" lastBookmarkId="0"/>
    <open-files xmlns="http://www.netbeans.org/ns/projectui-open-files/2">
        <group>
            <file>file:/I:/Pulpit/Sem6/Technologie%20programowania%20systemow%20internetowych/Lab02/src/Person/University.java</file>
            <file>file:/I:/Pulpit/Sem6/Technologie%20programowania%20systemow%20internetowych/Lab02/src/Person/Person.java</file>
            <file>file:/I:/Pulpit/Sem6/Technologie%20programowania%20systemow%20internetowych/Lab02/src/Person/EmailRecipient.java</file>
            <file>file:/I:/Pulpit/Sem6/Technologie%20programowania%20systemow%20internetowych/Lab02/src/Person/Teacher.java</file>
            <file>file:/I:/Pulpit/Sem6/Technologie%20programowania%20systemow%20internetowych/Lab02/src/Person/Student.java</file>
            <file>file:/I:/Pulpit/Sem6/Technologie%20programowania%20systemow%20internetowych/Lab02/src/Person/Main.java</file>
        </group>
    </open-files>
</project-private>
